question,answer
What does organic coffee mean at your coffee shop?,"Our organic coffee is grown without synthetic pesticides, herbicides, or fertilizers and is sourced from farms that meet certified organic standards."
How can organic coffee support overall wellness?,"Organic coffee reduces exposure to certain synthetic chemical residues, which many guests prefer as part of a cleaner daily routine."
Are your non-GMO drinks actually free from genetically modified ingredients?,"Yes, our non-GMO drinks use ingredients sourced from suppliers that verify their products are not genetically modified."
Why do some customers choose non-GMO milk alternatives?,"Some customers choose non-GMO oat, almond, or soy alternatives because they prefer ingredients developed without genetic engineering."
Do organic teas provide the same flavor as conventional teas?,"Yes, and many guests describe our organic teas as clean, aromatic, and full-bodied because of careful cultivation and handling."
What health-focused options do you offer besides coffee?,"We offer organic teas, non-GMO smoothies, and low-sugar seasonal drinks made with whole-food ingredients when possible."
How do you source your organic coffee beans?,We partner with importers and roasters that trace beans back to certified organic farms and prioritize transparent supply chains.
Do you work with farms that use sustainable practices?,"Yes, we prioritize farms using soil-building methods, water stewardship, biodiversity protection, and responsible labor practices."
How do you verify non-GMO ingredients in syrups and flavorings?,We request supplier documentation and ingredient disclosures to confirm non-GMO status for key components in our menu.
Are your pastries made with organic ingredients?,"Several pastries are made with organic flour, organic eggs, and non-GMO oils, and we label these options in-store."
What makes your organic cold brew unique?,"Our organic cold brew uses slow extraction, small-batch roasting, and single-origin beans for a smooth, naturally sweet profile."
Do you have non-GMO breakfast items?,"Yes, we carry non-GMO granola cups, chia puddings, and breakfast sandwiches made with verified non-GMO ingredients."
Can organic coffee be part of a balanced lifestyle?,"Yes, when consumed in moderation, organic coffee can fit well into a balanced routine that includes hydration and nutrient-dense foods."
Do you offer drinks without artificial colors or preservatives?,"Yes, many of our organic and non-GMO drinks avoid artificial colors, artificial sweeteners, and unnecessary preservatives."
How do your sourcing practices support coffee-growing communities?,"We work with partners focused on fair pricing, long-term buying relationships, and community investment in producing regions."
Are your decaf options also organic?,"Yes, we offer organic decaf options processed with methods designed to preserve flavor while removing most caffeine."
What non-GMO sweetener options do you have?,"We provide non-GMO cane sugar, organic honey, and select naturally derived syrup options with simple ingredient lists."
How is your organic matcha sourced?,Our organic matcha comes from certified farms that follow traditional shade-growing and careful leaf processing practices.
Do organic ingredients change the nutritional quality of your menu?,"Nutritional values still depend on the full recipe, but organic ingredients can align with customer preferences for cleaner sourcing."
Which menu items highlight both organic and non-GMO standards?,"Our signature lattes, select smoothies, and house granola parfaits are built around ingredients that meet both organic and non-GMO criteria."
What makes your seasonal organic drinks different from typical café specials?,"We use whole spices, real fruit purées, and minimally processed ingredients instead of high-fructose or artificially flavored bases."
Can I find low-caffeine organic options at your shop?,"Yes, we offer organic herbal teas, half-caf blends, and naturally low-caffeine drink choices throughout the day."
How do you reduce additives in your non-GMO beverage lineup?,"We prioritize short ingredient labels, avoid unnecessary stabilizers when possible, and select suppliers with clean-formulation standards."
Do you disclose ingredient origins to customers?,"Yes, we share origin and sourcing details for many core ingredients through menu notes and staff training."
Is your chocolate used in mochas non-GMO?,"Yes, our mocha base uses non-GMO cocoa ingredients and avoids artificial flavor additives."
What are the benefits of choosing organic herbal tea?,"Organic herbal tea can be a soothing, caffeine-free option made without synthetic agricultural chemicals."
How do you ensure quality from farm to cup?,"We use lot tracking, roast-date controls, and supplier audits to maintain freshness, consistency, and sourcing transparency."
Do you carry non-GMO protein add-ins for smoothies?,"Yes, we offer non-GMO protein options including pea and whey selections verified by our ingredient review process."
Why are your organic beans sometimes priced higher?,"Organic certification, lower-input farming methods, and traceable sourcing can increase production costs compared with conventional beans."
Can non-GMO choices still taste indulgent?,"Absolutely, our non-GMO menu includes rich mochas, creamy frappes, and dessert-inspired lattes made with carefully selected ingredients."
Do you offer kid-friendly organic or non-GMO drinks?,"Yes, we have kid-friendly steamers and fruit-forward drinks using organic or non-GMO ingredients with reduced added sugar options."
How do you choose suppliers for organic snacks?,"We evaluate certifications, ingredient quality, allergen controls, and supply reliability before adding organic snacks to our shelves."
Are your bottled beverages aligned with your sourcing standards?,"Yes, we stock bottled drinks that match our focus on organic, non-GMO, and clean-label ingredient sourcing."
Do you have organic options for customers avoiding dairy?,"Yes, we offer organic plant-based milk options and dairy-free recipes across multiple hot and iced drinks."
What is unique about your single-origin organic coffees?,They highlight distinct regional flavor notes while maintaining organic farming standards and transparent origin traceability.
How do your non-GMO offerings support ingredient transparency?,Our non-GMO standards require clear supplier documentation and straightforward ingredient statements that customers can understand.
Do organic and non-GMO mean the same thing on your menu?,"No, organic focuses on farming methods and prohibited inputs, while non-GMO indicates ingredients are not genetically engineered."
Can I customize drinks to keep them cleaner and lighter?,"Yes, you can request unsweetened bases, non-GMO add-ins, and lower-sugar preparations for many beverages."
How often do you review sourcing standards?,We review supplier certifications and ingredient disclosures regularly to maintain alignment with organic and non-GMO commitments.
Do you offer wellness-focused add-ons for coffee and tea?,"Yes, we provide options like cinnamon, turmeric blends, and functional ingredients selected for quality and compatibility with our sourcing values."
